company,issue,complaint_count,any_relief_rate,monetary_relief_rate,small_sample
CAPITAL ONE FINANCIAL CORPORATION,"Advertising and marketing, including promotional offers",561,0.316,0.185,False
"CITIBANK, N.A.","Advertising and marketing, including promotional offers",544,0.279,0.156,False
"BANK OF AMERICA, NATIONAL ASSOCIATION","Advertising and marketing, including promotional offers",127,0.26,0.173,False
JPMORGAN CHASE & CO.,"Advertising and marketing, including promotional offers",569,0.25,0.146,False
AMERICAN EXPRESS COMPANY,"Advertising and marketing, including promotional offers",534,0.155,0.09,False
"CITIBANK, N.A.",Closing your account,939,0.394,0.239,False
AMERICAN EXPRESS COMPANY,Closing your account,393,0.173,0.092,False
CAPITAL ONE FINANCIAL CORPORATION,Closing your account,1150,0.168,0.074,False
"BANK OF AMERICA, NATIONAL ASSOCIATION",Closing your account,349,0.123,0.077,False
JPMORGAN CHASE & CO.,Closing your account,489,0.084,0.035,False
"CITIBANK, N.A.",Credit monitoring or identity theft protection services,21,0.476,0.238,True
AMERICAN EXPRESS COMPANY,Credit monitoring or identity theft protection services,9,0.333,0.0,True
CAPITAL ONE FINANCIAL CORPORATION,Credit monitoring or identity theft protection services,41,0.22,0.024,True
"BANK OF AMERICA, NATIONAL ASSOCIATION",Credit monitoring or identity theft protection services,10,0.2,0.1,True
JPMORGAN CHASE & CO.,Credit monitoring or identity theft protection services,12,0.083,0.0,True
"CITIBANK, N.A.",Fees or interest,1296,0.462,0.403,False
"BANK OF AMERICA, NATIONAL ASSOCIATION",Fees or interest,445,0.413,0.396,False
AMERICAN EXPRESS COMPANY,Fees or interest,507,0.321,0.294,False
CAPITAL ONE FINANCIAL CORPORATION,Fees or interest,1114,0.247,0.218,False
JPMORGAN CHASE & CO.,Fees or interest,435,0.239,0.198,False
"CITIBANK, N.A.",Getting a credit card,935,0.388,0.052,False
CAPITAL ONE FINANCIAL CORPORATION,Getting a credit card,1313,0.267,0.008,False
"BANK OF AMERICA, NATIONAL ASSOCIATION",Getting a credit card,350,0.226,0.04,False
JPMORGAN CHASE & CO.,Getting a credit card,545,0.163,0.004,False
AMERICAN EXPRESS COMPANY,Getting a credit card,388,0.162,0.008,False
AMERICAN EXPRESS COMPANY,Improper use of your report,16,0.562,0.0,True
"CITIBANK, N.A.",Improper use of your report,53,0.34,0.019,True
CAPITAL ONE FINANCIAL CORPORATION,Improper use of your report,109,0.33,0.0,False
JPMORGAN CHASE & CO.,Improper use of your report,53,0.189,0.0,True
"BANK OF AMERICA, NATIONAL ASSOCIATION",Improper use of your report,11,0.182,0.0,True
"CITIBANK, N.A.",Incorrect information on your report,385,0.558,0.055,False
AMERICAN EXPRESS COMPANY,Incorrect information on your report,245,0.171,0.0,False
JPMORGAN CHASE & CO.,Incorrect information on your report,344,0.122,0.006,False
CAPITAL ONE FINANCIAL CORPORATION,Incorrect information on your report,921,0.121,0.007,False
"BANK OF AMERICA, NATIONAL ASSOCIATION",Incorrect information on your report,341,0.1,0.044,False
"CITIBANK, N.A.","Other features, terms, or problems",1377,0.394,0.221,False
"BANK OF AMERICA, NATIONAL ASSOCIATION","Other features, terms, or problems",624,0.298,0.244,False
JPMORGAN CHASE & CO.,"Other features, terms, or problems",1416,0.297,0.158,False
CAPITAL ONE FINANCIAL CORPORATION,"Other features, terms, or problems",1668,0.288,0.189,False
AMERICAN EXPRESS COMPANY,"Other features, terms, or problems",941,0.213,0.128,False
"CITIBANK, N.A.",Problem when making payments,647,0.428,0.295,False
"BANK OF AMERICA, NATIONAL ASSOCIATION",Problem when making payments,437,0.339,0.325,False
AMERICAN EXPRESS COMPANY,Problem when making payments,163,0.288,0.196,False
JPMORGAN CHASE & CO.,Problem when making payments,243,0.16,0.107,False
CAPITAL ONE FINANCIAL CORPORATION,Problem when making payments,609,0.115,0.082,False
"CITIBANK, N.A.",Problem with a company's investigation into an existing problem,245,0.498,0.069,False
AMERICAN EXPRESS COMPANY,Problem with a company's investigation into an existing problem,144,0.215,0.021,False
"BANK OF AMERICA, NATIONAL ASSOCIATION",Problem with a company's investigation into an existing problem,254,0.114,0.083,False
CAPITAL ONE FINANCIAL CORPORATION,Problem with a company's investigation into an existing problem,437,0.114,0.023,False
JPMORGAN CHASE & CO.,Problem with a company's investigation into an existing problem,167,0.114,0.012,False
"BANK OF AMERICA, NATIONAL ASSOCIATION",Problem with a purchase shown on your statement,2672,0.473,0.467,False
"CITIBANK, N.A.",Problem with a purchase shown on your statement,4460,0.45,0.414,False
AMERICAN EXPRESS COMPANY,Problem with a purchase shown on your statement,1965,0.264,0.246,False
CAPITAL ONE FINANCIAL CORPORATION,Problem with a purchase shown on your statement,4021,0.205,0.177,False
JPMORGAN CHASE & CO.,Problem with a purchase shown on your statement,2288,0.162,0.124,False
"CITIBANK, N.A.",Problem with fraud alerts or security freezes,10,0.4,0.2,True
"BANK OF AMERICA, NATIONAL ASSOCIATION",Problem with fraud alerts or security freezes,3,0.333,0.333,True
CAPITAL ONE FINANCIAL CORPORATION,Problem with fraud alerts or security freezes,16,0.188,0.0,True
AMERICAN EXPRESS COMPANY,Problem with fraud alerts or security freezes,3,0.0,0.0,True
JPMORGAN CHASE & CO.,Problem with fraud alerts or security freezes,4,0.0,0.0,True
"CITIBANK, N.A.",Struggling to pay your bill,95,0.263,0.042,True
JPMORGAN CHASE & CO.,Struggling to pay your bill,99,0.141,0.121,True
AMERICAN EXPRESS COMPANY,Struggling to pay your bill,56,0.125,0.0,True
"BANK OF AMERICA, NATIONAL ASSOCIATION",Struggling to pay your bill,82,0.122,0.085,True
CAPITAL ONE FINANCIAL CORPORATION,Struggling to pay your bill,247,0.089,0.024,False
"CITIBANK, N.A.",Trouble using your card,571,0.331,0.084,False
"BANK OF AMERICA, NATIONAL ASSOCIATION",Trouble using your card,155,0.239,0.084,False
CAPITAL ONE FINANCIAL CORPORATION,Trouble using your card,691,0.123,0.042,False
AMERICAN EXPRESS COMPANY,Trouble using your card,310,0.113,0.023,False
JPMORGAN CHASE & CO.,Trouble using your card,237,0.059,0.013,False
CAPITAL ONE FINANCIAL CORPORATION,Unable to get your credit report or credit score,9,0.111,0.0,True
AMERICAN EXPRESS COMPANY,Unable to get your credit report or credit score,1,0.0,0.0,True
"BANK OF AMERICA, NATIONAL ASSOCIATION",Unable to get your credit report or credit score,3,0.0,0.0,True
"CITIBANK, N.A.",Unable to get your credit report or credit score,3,0.0,0.0,True
JPMORGAN CHASE & CO.,Unable to get your credit report or credit score,5,0.0,0.0,True
